scenario,estimate,se.fit,ci.low,ci.hi
1,4162.722035,1298.984113,1695.634176,6663.370523
2,4977.856901,1321.54445,2507.929394,7673.086921
3,5534.476642,1338.273554,3001.504034,8061.721744
