SurveyID,fit,se.fit,ci.low,ci.hi
Q1,-5.429682689,3.523561597,-13.31718312,0.49492453
Q2,-2.785100178,2.139487464,-6.959754096,1.426882653
Q3,-2.134740261,2.185729698,-5.78981889,2.778084086
