SurveyID,fit,se.fit,ci.low,ci.hi
Q1,-0.733536696,1.051311087,-2.689014036,1.462020367
Q2,-0.501414125,1.043753062,-2.395869318,1.695374428
Q3,-0.127071487,1.047190621,-2.13083674,1.925977501
