SurveyID,fit,se.fit,ci.low,ci.hi
Q1,-29.03724561,12.31378581,-47.49301696,-19.09623634
Q2,-28.70836889,12.3579052,-47.44893006,-18.83322671
Q3,-1.430954,1.122023848,-3.586764634,0.663053189
