SurveyID,fit,se.fit,ci.low,ci.hi
Q1,-1.184825037,1.049776972,-3.081684375,0.973443259
Q2,-0.958270266,1.034482269,-2.771525997,1.244037148
Q3,-1.03559367,1.088133797,-3.072296781,1.099617369
