fit,ci.low,ci.hi,se.fit,SurveyID
-14.0390476,#NAME?,7.664752066,NA,Q1
-7.0215642,-449.4865024,5.943308298,NA,Q2
-4.855777081,-34.77950572,8.195956581,NA,Q3
