fit,ci.low,ci.hi,se.fit,SurveyID
-1.296101272,-4.997967658,2.062154042,NA,Q1
-0.780290013,-4.349267983,2.236130119,NA,Q2
-0.520657344,-4.118164583,2.827346717,NA,Q3
