fit,ci.low,ci.hi,se.fit,SurveyID
0.970605645,-0.244381435,2.316005323,NA,Q1
1.02773284,-0.384229512,2.430673536,NA,Q2
1.036873577,-0.387843521,2.617652954,NA,Q3
