SurveyID,fit,se.fit,ci.low,ci.hi
Q1,1.51E-05,4.48E-04,1.04E-10,0.001415187
Q2,0.002233591,0.006910671,7.24E-06,0.024065458
Q3,0.063504432,0.033094529,0.018073554,0.147275229
