SurveyID,fit,se.fit,ci.low,ci.hi
Q1,0.020408547,0.017580325,0.001520718,0.068953578
Q2,0.054312007,0.034445983,0.007659834,0.132488299
Q3,0.051069825,0.033638243,0.007014067,0.132801325
