SurveyID,fit,se.fit,ci.low,ci.hi
Q1,0.027714451,0.035323139,0.001752934,0.126450102
Q2,0.124651078,0.076241708,0.02421169,0.313594293
Q3,0.091946606,0.066075852,0.011950845,0.250627174
