SurveyID,fit,se.fit,ci.low,ci.hi
Q1,1.1308930616576494,0.32652350961454846,0.5864804362637617,1.66154400840664
Q2,2.020231953095925,0.3079975376126268,1.5042590046105992,2.5183968180723575
Q3,2.5820120648054474,0.2441247171252217,2.1804716126442303,2.9795649191375384
