scenario,estimate,se.fit,ci.low,ci.hi
1,16.50706,0.3385935,15.84643,17.13055
2,16.78863,0.358836,16.06218,17.49985
3,16.77577,0.3688665,16.0083,17.52315
