scenario,estimate,se.fit,ci.low,ci.hi
1,9.013453,0.7539917,7.575855,10.42674
2,10.523538,0.7625194,8.999731,11.96777
3,10.83434,0.7895294,9.224987,12.38514
