SurveyID,fit,se.fit,ci.low,ci.hi
Q1,-5.035689676,1.087428519,-7.167010409,-2.904368943
Q2,-4.346415742,1.139220156,-6.57924622,-2.113585265
Q3,-2.425549463,0.870167796,-4.131047004,-0.720051922
