SurveyID,fit,se.fit,ci.low,ci.hi
Q1,-2.264007978,9.427954573,-22.9390498,0.258073987
Q2,-0.928973887,1.357100347,-2.74480651,0.759139529
Q3,-0.518884839,0.888580134,-2.466568036,1.102829442
