SurveyID,fit,se.fit,ci.low,ci.hi
Q1,-2.333143288,13.1292147,-37.2456914,0.155321184
Q2,-1.076487321,1.406523274,-2.878481653,0.607291773
Q3,-0.598752866,0.936951043,-2.482344152,1.265915253
