scenario,estimate,se.fit,ci.low,ci.hi
1,4461.097588,1251.377146,2146.959447,6956.277748
2,6060.88291,1278.381399,3543.334464,8459.345887
3,6460.712906,1288.600753,3956.052301,8997.333299
