SurveyID,fit,se.fit,ci.low,ci.hi
Q1,-1.921875377,7.982308229,-21.05022619,1.000995046
Q2,-0.185938812,1.070480696,-2.138129975,2.044322614
Q3,-0.491073074,1.157904578,-2.582687107,1.947703408
