scenario,estimate,se.fit,ci.low,ci.hi
1,9.517135893,0.897590773,7.441385672,10.86380977
2,10.62483783,0.740113571,8.973902457,11.85876045
3,11.00933631,0.68325723,9.562199604,12.16760208
