scenario,estimate,se.fit,ci.low,ci.hi
1,16.33503088,0.341271721,15.60880005,16.9917724
2,17.00452927,0.340436483,16.2991031,17.61103888
3,17.14639888,0.340654266,16.43415655,17.78750418
