SurveyID,fit,se.fit,ci.low,ci.hi
1,17.264996,11.692573,-8.195632,38.156477
2,1.250298,0.720828,-0.545916,2.778165
3,3.561061,1.172917,-2.123467,9.264185
