SurveyID,fit,se.fit,ci.low,ci.hi
1,1199.096482,561.507635,-172.15493,2576.0965
2,0.429359,0.286644,-0.115965,0.949151
3,1.1719,0.864573,-0.456143,2.651248
