SurveyID,fit,se.fit,ci.low,ci.hi
1,472.657065,161.507635,-234.1545,942.15861
2,2.712384,0.857693,-0.416485,5.841564
3,0.568191,0.391147,-0.359416,0.819546
