SurveyID,fit,se.fit,ci.low,ci.hi
1,1.118677,0.481487,-1.216324,2.415964
2,0.37132,0.780262,-0.048597,0.715642
3,1.503321,0.753751,-0.816547,3.215646
