SurveyID,fit,se.fit,ci.low,ci.hi
1,12.65474,9.783657,-6.845312,27.654216
2,0.865342,0.567823,-0.114462,1.874125
3,1.763574,1.254237,0.354631,3.898135
