SurveyID,fit,se.fit,ci.low,ci.hi
1,0.716177,0.410387,-0.221654,1.565413
2,2.444246,0.949328,-1.013687,5.719651
3,0.345804,0.5123,-0.096543,0.765146
