SurveyID,fit,se.fit,ci.low,ci.hi
1,2.590538,0.899683,-1.496153,5.548516
2,0.975111,0.778109,-0.001634,1.965448
3,0.916858,0.573079,-0.642357,2.265145
