SurveyID,fit,se.fit,ci.low,ci.hi
1,97.596473,44.06969,-43.45911,194.15941
2,3.308834,1.028586,0.717161,7.334849
3,0.302914,0.5071,-0.215964,0.849813
