SurveyID,fit,se.fit,ci.low,ci.hi
1,4.775233,3.16007,-1.456244,9.156496
2,1.811196,0.744263,-0.898126,3.915641
3,3.175938,1.081279,-0.454312,6.778461
