scenario,estimate,se.fit,ci.low,ci.hi
1,9.807960183,0.084681229,9.642495836,9.974440154
2,9.75620649,0.069008358,9.621181153,9.891688947
3,9.717440133,0.064227632,9.592211995,9.843979684
