scenario,estimate,se.fit,ci.low,ci.hi
1,16.65653005,0.130944995,16.4020938,16.91538875
2,16.63054396,0.128917207,16.38107275,16.88641891
3,16.60975403,0.128436854,16.35766696,16.86113017
