SurveyID,fit,se.fit,ci.low,ci.hi
Q1,0.173677877,0.577314204,0.05601763,0.538473423
Q2,2.52919596,0.547685801,0.864535665,7.399153632
Q3,6.562663572,0.741779237,1.533433361,28.08635462
