scenario,estimate,se.fit,ci.low,ci.hi
1,32.70638771,35.18401879,17.79040481,46.36706095
2,28.09943805,37.03433813,10.13119985,45.02253664
3,23.33066767,36.59311151,6.717657848,39.48420759
