scenario,estimate,se.fit,ci.low,ci.hi
1,32.40478673,35.04609085,27.34823945,37.26626099
2,31.46463377,35.41874828,25.87249375,37.43854544
3,36.47756195,35.50343512,30.98938905,42.29405501
