SurveyID,fit,se.fit,ci.low,ci.hi
Q1,-2.0605,1.1834,-4.4185,0.31951
Q2,-1.4967,1.1171,-3.6584,0.7988
Q3,-1.097,1.2371,-3.5117,1.27856
