SurveyID,fit,se.fit,ci.low,ci.hi
Q1,-1.11052,1.6057,-4.0444,2.161
Q2,-0.84349,1.5012,-3.3347,2.2279
Q3,-0.96648,1.5783,-3.6806,2.4287
