scenario,estimate,se.fit,ci.low,ci.hi
1,16.35617088,0.288214222,15.80330007,16.90051511
2,17.09613759,0.308086347,16.48548252,17.68256697
3,17.22281034,0.328011211,16.58007257,17.8592271
