scenario,estimate,se.fit,ci.low,ci.hi
1,9.702103905,0.635512431,8.464214139,10.98299037
2,10.44790304,0.716665874,9.09713916,11.86867756
3,10.77863581,0.744457632,9.289893516,12.1553649
