scenario,estimate,se.fit,ci.low,ci.hi
1,0.035856544,0.001898711,0.032444056,0.039859724
2,0.035609004,0.002062242,0.031589653,0.039749394
3,0.036318016,0.002060101,0.032309615,0.040311346
