scenario,estimate,se.fit,ci.low,ci.hi
1,9.33592,0.5227305,7.436463,10.590064
2,NA,NA,NA,NA
3,11.03232,0.4797439,10.15749,11.77101
