"scenario","estimate","std.err","ci.low","ci.hi"
1,-0.2315859271484,0.0882972072017307,-0.404648453263792,-0.0585234010330077
2,-0.0797522393626133,0.0891250854592432,-0.25443740686273,0.0949329281375034
3,-0.0475842477287225,0.0751897055010317,-0.194956070510745,0.0997875750532996
