scenario;fit;lwr;upr;std.err
1;-4.49785318;-5.32350584;-3.827334263;0.403208907
2;-3.8304368;-4.493995122;-3.29553734;0.309517701
3;-2.43737262;-3.067651946;-1.924472753;0.281172951
