"scenario","estimate","std.err","ci.low","ci.hi"
1,0.0819530965977879,0.00288238029053476,0.0763036312283397,0.087602561967236
2,0.0686954703884958,0.00174849205318063,0.0652684259642617,0.0721225148127298
3,0.0587522507315267,0.00211884010895314,0.0545993241179785,0.0629051773450748
