"scenario","estimate","std.err","ci.low","ci.hi"
1,9.31302833892699,0.152134231786127,9.01484524462618,9.6112114332278
2,10.2731041343876,0.151935136255377,9.97531126732708,10.5708970014482
3,11.058027036129,0.123875179985013,10.8152316833584,11.3008223888996
