scenario;fit;lwr;upr;std.err
1;-3.492306159;-3.932918138;-2.707633971;0.328869029
2;-3.286751808;-3.708759941;-2.215889738;0.391103358
3;-3.230330679;-3.715915237;-2.222829395;0.389062336
