"scenario","estimate","std.err","ci.low","ci.hi"
1,-0.205655819690019,0.0365308343071079,-0.277256254931951,-0.134055384448087
2,-0.144286797509991,0.0258837479151264,-0.195018943423639,-0.0935546515963436
3,-0.0982600308749706,0.0373526000384076,-0.171471126950249,-0.0250489347996918
