scenario;fit;lwr;upr;std.err
1;9.6148705;8.295247171;10.97426223;0.696223209
2;10.10776662;8.738035729;11.4416546;0.694019964
3;10.78789263;9.476882084;12.08093099;0.677603479
