scenario;fit;lwr;upr;std.err
1;9.770670071;8.191380901;11.1473803;0.742617941
2;10.22917335;8.751968014;11.6211547;0.75653933
3;10.65476625;9.217697857;12.14476596;0.728886305
