"scenario","estimate","std.err","ci.low","ci.hi"
1,9.7151917643977,0.0767445022640409,9.56477253996018,9.86561098883522
2,10.2468620368084,0.0465542845871609,10.1556156390175,10.3381084345992
3,10.6456147411164,0.0564149463804883,10.5350414462106,10.7561880360221
