"scenario","estimate","std.err","ci.low","ci.hi"
1,0.0911489911011809,0.0059902111228205,0.0794081773004527,0.102889804901909
2,0.0703255170541242,0.00598237183347187,0.0586000682605193,0.082050965847729
3,0.0493087752286078,0.00487752475084493,0.0397488267169517,0.0588687237402638
