Scenario,estimate,std.err,ci.low,ci.hi
1,272.4967,4.351788,263.9007,280.4104
2,283.2229,4.380067,274.0104,291.1002
3,288.1658,4.163646,279.9006,296.0916
