"","estimate","ci.low","ci.hi","std.err","scenario"
"1",17.0155677983331,16.2772333373673,17.6721280936577,0.35060671606888,1
"2",17.1456893591544,16.409444506141,17.8931452573839,0.389690767598076,2
"3",17.2667562625691,16.5176448314264,18.045298097554,0.400834835610267,3
