"","scenario","estimate","std.err","ci.low","ci.hi"
"1",1,8.55015323945123,0.55683389468446,7.47801005787397,9.59316070572437
"2",2,11.3798619399351,0.567080460601148,10.2876348474803,12.4949164455534
"3",3,11.5451362106158,0.573735369129309,10.4342933744533,12.6969288915227
