estimate,ci.low,ci.hi,std.err,scenario
8.823376658925572,7.5579916524624595,10.008899874878393,0.6260436149601633,1
10.893570358621188,9.562482559734223,12.167665061097493,0.6723263744886099,2
11.168982478566383,9.805603155383821,12.560433946714172,0.679718923275282,3
