fit,ci.low,ci.hi,std.err,scenario
1.3991985875392703,0.6426773797762381,2.1389011633399417,0.37113098577902814,Q1
2.1020093150731394,1.5112065159022765,2.7133069245114503,0.3295377084413661,Q2
1.7446511244598706,1.0939734681475448,2.3866672937972453,0.3250397901408491,Q3
