fit,ci.low,ci.hi,std.err,scenario
-5.3321461561430485,-12.645848355514925,1.217300218031476,3.4491515123699,Q1
-1.4930678360854284,-4.518474173623687,1.9900601733227974,1.6273327545910576,Q2
-0.5130164984401822,-3.391464045525444,2.583478385520735,1.5215186021946798,Q3
