estimate,ci.low,ci.hi,std.err,scenario
10.708113563783526,9.38516743623301,12.143739179791929,0.6935120947900464,1
11.036762351341853,9.669597716846777,12.390849838947638,0.6808293432925584,2
8.83214751269653,7.529865659257053,9.97748542304462,0.6403511830341054,3
