estimate,ci.low,ci.hi,std.err,scenario
16.53353881282485,15.911664816753152,17.161434076419162,0.32128797002442006,1
16.828561328973393,16.145413421386273,17.492290997511912,0.337210568082122,2
16.97533607712156,16.236910223673554,17.60385748054828,0.34398642710776733,3
