estimate,ci.low,ci.hi,std.err,scenario
8.411747277849821,7.5786573036584874,9.246354888298555,0.4204230927265561,1
11.346411371926877,10.501929223200047,12.213512409095285,0.42321016497705843,2
11.307749525972259,10.998622954820588,11.61389022754268,0.15423765365461387,3
