fit,ci.low,ci.hi,std.err,scenario
-0.9079853751197,-3.5297842049584807,2.2647274739822087,1.4972318863876102,Q1
-0.8257150064313568,-3.162885791790915,2.4442886405806923,1.4583591306189518,Q2
-0.781052086887718,-3.7180646656282645,2.412126477932903,1.5396697163551192,Q3
