scenario,estimate,std.err,ci.low,ci.hi
1,16.27318827,0.288323618,15.71494175,16.82762017
2,17.19874044,0.289766146,16.65576976,17.74802529
3,17.17068338,0.285289403,16.59656864,17.71123967
