scenario,estimate,std.err,ci.low,ci.hi
1.00,-0.767820744,0.512329075,-1.77196728,0.236325792
2.00,-0.18921721,0.363538847,-0.901740256,0.523305836
3.00,0.016758158,0.467007717,-0.898560147,0.932076463