scenario,estimate,std.err,ci.low,ci.hi
1,12.66002,2.898288,6.721123,18.17586
2,14.58467,2.0821,10.387666,18.38856
3,15.56629,1.539002,12.597235,18.48895
