,fit,se.fit,ci.low,ci.hi
Q1,-0.405192,0.3727657,-1.135813,0.3254288
Q2,-0.3408836,0.4220596,-1.16812,0.4863532
Q3,-0.2972084,0.4361943,-1.152149,0.5577324