"","estimate","ci.low","ci.hi","std.err","scenario"
"1",10.2707237942711,8.50625062601836,11.9417719102898,0.871219724015834,1
"2",10.3098083198097,8.57770098876663,12.321784241205,0.942147700528615,2
"3",10.5010718813128,8.5612513800872,12.2100744539614,0.948591808825175,3
