scenario,estimate,ci.low,ci.hi,std.err
1,9.1902595511671,8.915397016997051,9.883413035570726,0.2033077548666125
2,10.718436500255308,10.231472993963532,11.176429861631014,0.2061477745193674
3,11.315192218244087,10.655181102381762,11.646103443585242,0.20194654030383147
