,Backtransformed as (value)^(1/4.975),,,,
,estimate,ci.low,ci.hi,std.err,scenario
1,5.414472164,4.674265049,5.9202094,4.193634697,1
2,5.758491398,5.169513551,6.1576419,4.211670244,2
3,5.832913233,5.28527688,6.234429892,4.218416172,3
,,,,,
,Tukey Transformed ,,,,
,,,,,
,estimate,ci.low,ci.hi,std.err,scenario
1,4461.097588,2146.959447,6956.277748,1251.377146,1
2,6060.88291,3543.334464,8459.345887,1278.381399,2
3,6460.712906,3956.052301,8997.333299,1288.600753,3
