fit,lwr,upr,std.err
-2.2640079775986277,-22.93904980336933,0.2580739870034544,9.427954573375931
-0.928973887125434,-2.744806509921838,0.7591395291411087,1.3571003469172775
-0.5188848389241701,-2.466568036244766,1.1028294420423927,0.8885801344872248
