scenario;fit;lwr;upr;se
1;-1.5073382323736;-2.78809095214836;-0.652503600832787;0.544802702539641
2;0.892438147843816;0.0141181673597682;2.34262648800672;0.59401813987755
3;1.48293336598075;-0.424890102231664;1.91379666853717;0.596614730988963
