"","fit","fit.se","SurveyID"
"1","3.43983299565222","0.05148296","Q1"
"2","3.43983299565222","0.05148296","Q2"
"3","3.43983299565222","0.05148296","Q3"
