estimate,ci.low,ci.hi,std.err2,scenario
16.335031367844152,15.60881025564441,16.991767027202048,6.473639287437453,1
17.00452655589894,16.299101513203397,17.611035791026787,6.648761302931486,2
17.14640121967042,16.43415621224464,17.787505713195262,6.691576701075979,3
