"estimate","Est.Error","ci.low","ci.hi","scenario"
15.9006214657437,0.584213660340704,14.7710227530321,17.048903000265,1
17.1455583212201,0.572969694043447,16.0318956821762,18.2713217837784,2
17.3845236559755,0.574530644664681,16.2632437780066,18.5090723178651,3
