fit,ci.low,ci.hi,std.err,scenario
-2.103355081497521,-4.420509720888634,0.8383916175998434,1.3513911964464393,Q1
-1.5964885959531379,-3.787040980839514,1.3493308283560623,1.3262893613284057,Q2
-1.1838272316255605,-3.5927007941518427,1.662585223697167,1.361977051401002,Q3
