SurveyID,fit,se.fit,ci.low,ci.high
Q1,-0.5822703251554867,0.9390801012732835,-2.4228673236511225,-2.4228673236511225
Q2,-1.4795503298287882,0.9673385264999615,-3.375533841768713,-3.375533841768713
Q3,-0.2577593583742739,1.3824210753492907,-2.9673046660588835,-2.9673046660588835
