"","X","SurveyID","fit","ci.low","ci.hi","se.fit"
"1",1,"Q1",-5.05520430273628,-23.420559159231,-0.437863126089462,8.74717194543602
"2",2,"Q2",-0.923780161913609,-3.31525556053109,0.679188587303643,1.07647863038736
"3",3,"Q3",2.26880212096646,0.599802021494384,3.68925024142728,0.779376139279439
