scenario,estimate,std.err,ci.low,ci.hi
1.00,-0.047393128,0.223587255,-0.485616094,0.390829838
2.00,0.247055253,0.194661774,-0.134474815,0.62858532
3.00,0.239191106,0.239469796,-0.23016107,0.708543282