scenario,estimate,std.err,ci.low,ci.hi
1,9.902683917,0.847872436,8.319928434,11.55863873
2,10.3370514,0.903033172,8.567675565,12.0991817
3,10.56509083,0.856730317,8.848185911,12.16400134
