SurveyID,fit,se.fit,ci.low,ci.hi
Q1,-2.145560654453547,1.2405964377090035,-4.509669202836153,0.3448284697329732
Q2,-1.1401369261241614,1.3040718185126963,-3.57651154451382,1.475871758586555
Q3,-0.4069510791967417,1.3485299943613127,-2.91546716182225,2.385719885973838
