scenario,estimate,ci.low,ci.hi,std.err
1,16.12063897,15.9183038,16.32933896,0.103300192
2,17.1855348,16.99612417,17.35689068,0.087791346
3,16.96749272,16.78960194,17.14874994,0.08562862
