scenario,estimate,std.err,ci.low,ci.hi
1,16.26981219030154,0.3236886338238251,15.248010196290151,16.516846325289492
2,16.863229404886972,0.34914781113684973,16.445666116684258,17.814300386902694
3,17.58950001364662,0.3561870976910537,16.487148423462106,17.883376189926736
