"","fit","ci.low","ci.hi","std.err2","scenario"
"1",-0.844332529618213,-3.4240541442989,2.43613148989173,1.52039111183393,"Q1"
"2",-0.704253630345189,-3.02953424462061,2.491929591395,1.44298632640406,"Q2"
"3",-0.695120235804565,-3.35217013289021,2.58255950052863,1.5366584932128,"Q3"
