scenario,estimate,std.err,ci.low,ci.hi
1,-12.717875429537521,4.803979384018248,-21.900622389965985,-3.588085782495389
2,20.039551959779764,2.1159090459998597,16.134465652981625,24.396518850183618
3,28.205635598829886,3.722018526458572,20.964430704640165,35.70744196360498
