scenario	estimate	std.err	ci.low	ci.hig
1	-8.369438	2.638351	-13.53052	-3.263061
2	14.637119	1.536549	11.56481	17.621925
3	24.153021	2.405211	19.36938	28.938443
