SurveyID;fit;se.fit;ci.low;ci.hi
Q1;-18.103309;29.585337;-65.070297;16.929386
Q2;-8.616881;28.337337;-36.325616;40.781984
Q3;-6.231911;27.230797;-46.876806;25.893242
