scenario,estimate,std.err,ci.low,ci.hi
1,16.32061204494146,0.5141660777332836,15.303974328307303,17.31730655512755
2,16.87049982551272,0.4891205939187382,15.913142708631025,17.828614984017797
3,17.504830851369515,0.48981140426228315,16.54634919611405,18.459384241856544
