"scenario","estimate","std.error","ci.low","ci.hi"
1,16.5261134497578,0.137904092978433,16.2615526322677,16.7972741773013
2,16.7392930949848,0.25107149685162,16.2727273792924,17.2391141808194
3,16.9099570482279,0.253403389778548,16.4229286201902,17.3906436147248
