estimate,ci.low,ci.hi,std.err,scenario
16.121804616861148,15.635626073607721,16.689727222324237,0.26080356897138507,1
17.02693962194281,16.453851068788964,17.62828094750124,0.2925364914234264,2
17.08163676539875,16.555185146105757,17.635105865393655,0.2704600666422926,3
