estimate,ci.low,ci.hi,std.err,scenario
9.833830537940898,8.771065210798891,10.969249892415746,0.5626348205073569,1
10.640592714303956,9.409167368120835,11.801964332269993,0.6076410770758697,2
10.825308419829529,9.63073523930491,12.095921840892787,0.6426650151408326,3
