estimate,ci.low,ci.hi,std.err,scenario
8.448933503681253,6.6460373430989534,10.141879078905548,0.8866246050597131,1
10.422638207174549,8.682356900891286,12.31575127716016,0.9004047026157749,3
