estimate,ci.low,ci.hi,std.err,scenario
46.9876886598184,42.442557858495604,51.34628006967077,2.1040863704921695,1
47.94386646831252,43.23817157153298,52.67164787810695,2.510244293624632,2
46.76963502457397,41.872448712492016,51.73421824732418,2.449224794940448,3
