fit,ci.low,ci.hi,std.err2,scenario
-2.4720448114219558,-5.108710279249399,0.47329329518364943,1.4372123666603465,Q1
-1.3971268904795064,-3.6824606808153266,1.771408037776431,1.4428007870372617,Q2
-1.0963085234227563,-3.7321633006653334,2.3809510359907202,1.5407205397686599,Q3
