"","estimate","ci.low","ci.hi","std.err","scenario"
"1",16.8339377465037,15.994217013898,17.6056112495002,0.410709715255085,1
"2",16.7870660379235,15.9403367706271,17.5964888094558,0.436705669205604,2
"3",16.7582751144077,15.8647594193633,17.624507457784,0.438320371254427,3
