estimate,ci.low,ci.hi,std.err,scenario
16.089374558265444,15.470083588905041,16.67610506321153,0.3111655095037994,1
17.204026881467534,16.55237299740196,17.913565321011752,0.3431562119286081,2
16.991314386186385,16.33675129925165,17.65992356062375,0.3415002944760992,3
