fit,ci.low,ci.hi,std.err,scenario
-90.38773596621871,-Inf,-20.423526168792275,NaN,Q1
-20.746524244051052,-326.273960738348,-4.261225158253336,NaN,Q2
-5.039680654433334,-60.954921225533745,0.6986039892999769,30.71658268779635,Q3
