estimate,ci.low,ci.hi,std.err,scenario
17.02093826820848,16.525938201878038,17.640721372925128,0.2872425058048886,1
16.924286149307775,16.33567795973336,17.47802900601801,0.29163248917798934,2
16.535779210597738,16.003853679021038,17.03284300189936,0.25857711429201563,3
