estimate,ci.low,ci.hi,std.err,scenario
16.164761945841327,15.802807457811568,16.545797412363395,0.18433777962842085,1
17.137808411333104,16.77724394762603,17.555182431870865,0.19396221105829758,2
17.156217682482243,16.881875840547906,17.418049839395344,0.13455846868334562,3
