fit,ci.low,ci.hi,std.err,scenario
-1.707339058991769,-3.9061665465255975,0.6737796704090977,1.191510563879743,Q1
-1.340037976857053,-3.3112815638999744,1.1503859861611756,1.0989660517720843,Q2
-1.240955475517051,-3.4974772760301356,1.640528124082843,1.2584827453994352,Q3
