scenario,estimate,std.err,ci.low,ci.hi
1.00,0.024044023,0.179864222,-0.328483375,0.376571421
2.00,0.14454684,0.176126027,-0.20065383,0.489747511
3.00,0.187444283,0.222783882,-0.249204102,0.624092669