"","estimate","ci.low","ci.hi","std.err","scenario"
"1",10.60667085768,8.78476459599445,12.2500955363433,0.892410437306029,1
"2",10.8852586752789,9.06537883395998,12.6385129710095,0.900086000165931,2
"3",11.0916223044486,9.29826947954705,13.0238702096724,0.932099606067819,3
