fit;ci.low;ci.hi;std.err;scenario
-14.08496535;-614.7725019;7.002801219;NaN;Q1
-10.64390293;-151.239406;8.665063789;57.59378608;Q2
-9.979713821;-72.21362859;8.95216111;37.05154685;Q3
