fit,lwr,upr,std.err
-1.9218753770363854,-21.05022618865531,1.0009950455416172,7.9823082291116485
-0.1859388115212412,-2.138129975211271,2.044322613718001,1.0704806956243325
-0.4910730741744566,-2.5826871068711084,1.947703407893915,1.1579045776836752
