SurveyID,fit,se.fit,ci.low,ci.high
Q1,-0.2474022796684029,0.9100902426717357,-2.0311791553050047,-2.0311791553050047
Q2,-1.4399873074228071,0.9084810746115023,-3.2206102136613515,-3.2206102136613515
Q3,-0.018677539186793102,1.1601652223328687,-2.292601374959216,-2.292601374959216
