scenario,estimate,std.err,ci.low,ci.hi
1,-4.22903587,1.245901684,-6.670958299,-1.787113442
2,-1.98005271,0.416162045,-2.795715331,-1.164390089
3,-1.099531208,0.374484176,-1.833506706,-0.36555571