"","fit","ci.low","ci.hi","std.err","scenario"
"1",-1.29129649444346,-3.30617808007482,0.903269869945258,1.12639731440728,"Q1"
"2",-1.2279434836285,-3.25534323299579,0.836605421568217,1.05731608998874,"Q2"
"3",-1.15764879710122,-3.52055811815243,1.23667858654335,1.19096666884002,"Q3"
