scenario,estimate,std.err,ci.low,ci.hi
1,16.510979489205425,4.706166041119186,7.410480766741029,25.67083797172207
2,16.98131307806567,1.4513670985937923,14.132106107193511,19.912582779217338
3,17.17986506220206,2.1967003175936703,12.849720684565412,21.404860695338527
