SurveyID;fit;se.fit;ci.low;ci.hi
Q1;-14.494574;29.402321;-60.570597;23.275266
Q2;-7.64088;28.563866;-37.519267;40.476333
Q3;-8.654762;27.760414;-51.408466;23.437645
