estimate,ci.low,ci.hi,std.err,scenario
9.605902429193499,8.96927325548704,10.252487343667186,0.31612772674442124,1
10.822627949838045,10.165911469024488,11.472258353348511,0.3263795880967773,2
10.413061570594426,9.78226056602136,11.025580028293994,0.3279217636763447,3
