scenario,estimate,ci.low,ci.hi,std.err
1,-0.2889977,-0.600196308,0.022200908,0.1587748
2,-0.1000194,-0.329794708,0.129755908,0.1172323
3,-0.5584613,-0.860857548,-0.256065052,0.1542838