SurveyID,fit,lwr,upr,std.err
1,0.1333986691912494,0.045614945219373766,0.3812958782498924,0.08805369178871478
2,2.03594917980347,0.6871440381961178,4.41322710682869,1.0116961770856014
3,6.76054403235174,2.2466365613509836,15.818634973235865,3.818981040784961
