Scenario,estimate,std.err,ci.low,ci.hi
1,87.58755,6.199825,74.92743,99.0767
2,114.58254,6.30684,101.50293,126.1906
3,123.53984,6.04367,111.55765,135.3972
