"","estimate","ci.low","ci.hi","std.err","scenario"
"1",16.6451181359643,15.908965688796,17.3320493477785,0.370462166486316,1
"2",16.839083043448,16.1050582887994,17.6140013158945,0.395947417123283,2
"3",16.9278757630577,16.2121107382269,17.7297609688621,0.391121825081767,3
