scenario,estimate,std.err,ci.low,ci.hi
1,9.141072,0.7755229,7.635857,10.71696
2,10.872268,0.7917935,9.291093,12.37534
3,10.995012,0.7951981,9.485069,12.59248
