scenario,estimate,std.err,ci.low,ci.hi
1,8.8785789,0.4294038,8.0752639,9.7635617
2,11.1640188,0.4140348,10.3804634,12.0070133
3,10.9409481,0.3546423,10.2668994,11.6597548
