estimate,ci.low,ci.hi,std.err,scenario
0.1826613776128465,0.1348257892786187,0.24203810452467825,0.02737115885233816,1
NA,NA,NA,NA,2
0.06846851984935395,0.04515973587442011,0.10154559329023861,0.014313994391578282,3
