"","scenario","estimate","std.err","ci.low","ci.hi"
"1",1,16.2032874364833,0.25028220482969,15.6872881327016,16.6556837855621
"2",2,17.0252445650572,0.269600060711843,16.5011456946986,17.5513839883687
"3",3,17.4814598564605,0.279078637227113,16.8758525165506,18.0095227348529
