scenario,estimate,std.err,,ci.low,ci.hi
1,9.176971962,0.763489344,,7.591412162,10.63507517
2,10.32944036,0.831416073,,8.733657101,12.02524
3,10.94896961,0.815010544,,9.295984419,12.57181491