fit,ci.low,ci.hi,std.err,scenario
-1.7334953929123667,-5.006064166732219,1.911410253132519,1.738836684279921,Q1
-0.5235870956056907,-2.996982405597258,3.137799711262453,1.5095464894867725,Q2
-0.49716175868946844,-3.482425908896627,2.7549495547164597,1.5790998600015582,Q3
