scenario,estimate,std.err,ci.low,ci.hi
1,9.153619703687465,0.6428158809893393,7.983180156043681,10.447539330613191
2,10.533840954524765,0.6839992576180091,9.167477749419366,11.853912646048657
3,11.269470716895626,0.6318981314066439,10.043710694406958,12.484552732190991
