fit,ci.low,ci.hi,std.err,scenario
1.5851971116642083,-0.03852088754477773,3.37399207209803,0.872382891802841,Q1
1.68993187497825,0.03199791401605005,3.6420726519525375,0.9192349349039086,Q2
1.8732339294477707,-4.38468594881246e-5,3.6118543038659823,0.9356752688115743,Q3
