SurveyID,fit,ci.low,ci.hi,se.fit
Q1,1.089351,-0.3711256,2.652218,0.7989073
Q2,1.929006,0.5247961,3.523321,0.7999696
Q3,2.328269,0.8024337,4.074835,0.8303537