fit,ci.low,ci.hi,std.err,scenario
-0.5920937536397326,-4.71439566248042,3.146756215963546,2.155478533421378,Q1
-0.492188347675735,-3.796065871162826,3.077234201045672,1.7012812193090259,Q2
0.2393516684093035,-3.1780696824949635,3.4682146042498623,1.707027486162888,Q3
