;fit;se.fit;ci.low;ci.hi
Q1;0.434605263;0.65714;0;2
Q2;0.840657895;0.911827845;0;3
Q3;1.073157895;1.033287542;0;4
;;;;
;;;;
;;;;
;;;;
;;;;
;;;;
;;;;
;;;;
;;;;
;;;;
