"","SurveyID","fit","se.fit","ci.low","ci.hi"
"Recruit.pred[1]","Q1",0.283345679012346,1.06677702747496,0,4
"Recruit.pred[2]","Q2",1.40723456790123,2.28158534382817,0,7
"Recruit.pred[3]","Q3",5.74577777777778,5.23294931329716,0,16
