estimate,ci.low,ci.hi,std.err,scenario
16.311436972513476,15.681122421989162,17.005046498638144,0.3312041789168072,1
17.119701301224723,16.41538998600454,17.91296947054604,0.37221634864478953,2
16.944731372779174,16.2252105721246,17.649511799358084,0.36014149960894204,3
