fit,ci.low,ci.hi,std.err,scenario
-12.169855632421788,-27.79330026452008,-2.2085098129179723,6.599419261065779,Q1
-3.655757390210927,-7.522861875295231,-0.4623492480763536,1.8970920590258242,Q2
-1.4858555806806049,-4.25703112028371,1.1168145838517762,1.4001095112724191,Q3
