estimate,ci.low,ci.hi,std.err,scenario
17.07400865631081,16.44978537214069,17.66535846779359,0.31378122760441673,1
16.89756135991754,16.31418574507219,17.51200468246069,0.31031784616074876,2
16.59218306187526,15.986890915708928,17.195537255060753,0.30016161288108734,3
