"","scenario","estimate","std.err","ci.low","ci.hi"
"1",1,16.3403873724326,0.259597367225168,15.8235826050063,16.8393019605053
"2",2,17.0457766840895,0.249635920432632,16.5582601504681,17.5418072236926
"3",3,17.2418515150299,0.250917078498454,16.7253880780634,17.7323995057422
