fit,ci.low,ci.hi,std.err,scenario
-4.803104538140579,-6.288253636565269,-1.75490621003398,1.142505124021304,Q1
-4.462822178940246,-5.960204767870753,-1.172705295768451,1.166230384627271,Q2
-4.355694816694176,-5.894722230157814,-0.46024259997124395,1.2945515135523933,Q3
