fit,ci.low,ci.hi,std.err,scenario
-0.69567282,-3.134067017,2.578068784,1.481084304,Q1
-0.076637539,-2.257224799,2.890747664,1.337546164,Q2
0.102023516,-2.295592897,2.866562626,1.368803721,Q3