"SurveyID","fit","se.fit","ci.low","ci.hi"
1,-4.57231525742448,1.08221378754828,-6.94268516948954,-2.64488836812057
2,-4.90988887237735,1.24753690473906,-7.60410357411298,-2.73049840664617
3,-4.20495481794502,1.02053776437496,-6.27024124352343,-2.30769774083557
