estimate,ci.low,ci.hi,std.err,scenario
9.280650605373953,7.7678511755155775,10.705757482502372,0.7684910238236035,1
10.591055692077653,8.997759766063853,12.153216511426601,0.7960886596437163,2
11.007105082808529,9.445877528933158,12.63617051911081,0.8164794421994768,3
