scenario,estimate,std.err,ci.low,ci.hi
1,8.79436,0.3802917,8.379989,9.84316
2,11.05361,0.3780403,10.31064,11.84436
3,11.27055,0.3815138,10.31411,11.82839