fit,ci.low,ci.hi,std.err,scenario
-1.0337666951617073,-4.475030356588917,3.429033460667267,2.0488307456386274,Q1
-1.9528872605058454,-4.69953136459062,2.76620857362852,1.972653789515043,Q2
-1.931474313484057,-4.9514069690703035,2.9452594549861595,2.122117823683008,Q3
