scenario,estimate,std.err,ci.low,ci.hi
1,8.118442,0.735077,6.727418,9.625766
2,11.386587,0.796409,9.775842,12.897633
3,11.388507,0.715464,9.929125,12.736973
