fit,ci.low,ci.hi,std.err,scenario
-1.8745206033973145,-4.03912934595173,0.8292048508485989,1.217453173741001,Q1
-1.2400475813599514,-3.355693238507529,1.2572505478466167,1.1344629186272037,Q2
-0.9914583003591453,-3.4102559462701483,1.611910209759704,1.2697775269778313,Q3
