scenario,estimate,std.err,ci.low,ci.hi
1,9.65668761,0.87971515,7.989506572,11.38743641
2,10.32864549,0.930370885,8.514915622,12.21600013
3,10.589783,0.911226142,8.831778794,12.52870664
