scenario,estimate,std.err,ci.low,ci.hi
1,0.43423739,0.229164498,-0.014916773,0.883391552
2,0.774894362,0.192203214,0.398182986,1.151605739
3,0.896163835,0.245177897,0.415623987,1.376703682