scenario,estimate,std.err,ci.low,ci.hi
1,8.904939395,0.496205494,7.949860862,9.946611602
2,11.02316363,0.489293694,10.05642367,11.96470549
3,11.33942348,0.506162566,10.24258366,12.30247306
