scenario,estimate,std.err,ci.low,ci.hi
1,-11.961194,5.279693,-23.453599,-1.6164989
2,-6.334437,3.815887,-14.657917,0.5499583
3,-2.793813,2.836888,-8.678286,2.4153501
