,fit,se.fit,ci.low,ci.hi
Q1,0.5911563,0.2519806,0.0972744,1.085038
Q2,0.5933596,0.2810262,0.0425482,1.144171
Q3,0.5893916,0.2872454,0.02639053,1.152393