"","fit","lwr","upr","std.err"
"count_(Intercept)",-0.659517760966448,-2.4966204770435,0.898988308907241,0.933562807756689
"count_Grass_cover",0.000967937732227413,-0.0101913541594419,0.0133643347998182,0.00592863116242019
"count_K_perc",0.0601297506929456,-0.557623621617344,0.663922430200137,0.337781415738548
"count_Th_ppm",0.113888370250147,0.0144808843821383,0.232045647319487,0.0557758908282832
"zero_(Intercept)",-2.99325156828337,-4.97513970313288,-1.04553585414127,0.965496985958824
"zero_Grass_cover",-0.00425971292411145,-0.0170900226611285,0.0076105292375955,0.00581783292699831
"zero_K_perc",-0.815662522297182,-1.57145151910183,-0.159677628776113,0.323529709716168
"zero_Th_ppm",0.202374688809159,0.103029997487414,0.315903850246535,0.0539473382926624
