"scenario","fit","se.fit","ci.lo","ci.hi"
"Q1",-2.58695517629051,1.91348287649252,-7.07048823106164,0.195845613901864
"Q2",0.015915037054076,0.766818418077679,-1.34852601232273,1.64537483312808
"Q3",0.90065089509089,0.656699901795586,-0.323188136721349,2.26668066330768
