estimate,ci.low,ci.hi,std.errT,scenario
16.515358011175746,15.650161031584778,17.509847084438384,0.47191247590758867,1
16.778928985911335,15.752045272909225,17.710891795099478,0.5010438546108413,2
17.03425373151931,16.030310109652792,17.98104580611084,0.49102517946325047,3
