estimate,ci.low,ci.hi,std.err,scenario
15.73881559048829,15.17350587671756,16.308479996308385,0.28719428923248047,1
16.969868967055,16.422661612295997,17.552834484293026,0.28484282376361325,2
17.409706838990246,16.89274152540907,17.959694722629116,0.2843832279013955,3
16.429237116139916,15.744093272891897,17.09799155243324,0.3483643564124708,4
