"fit","lwr","upr","std.err"
1.47660457186196,-4.87201136766587,2.70328245251483,2.06191173192846
-1.15418641470229,-3.43918196479752,2.60781250813841,1.58555556568687
-1.13412521659438,-4.67849820157119,1.95353237138705,1.84885104745056
