"","estimate","ci.low","ci.hi","std.err","scenario"
"1",10.7583704661638,9.22262267079573,12.280181502163,0.795515298174549,1
"2",11.4145584386585,9.71818828507338,13.071765306159,0.826864578993408,2
"3",11.9557722087563,10.2717772833482,13.5889988832211,0.825738401250153,3
