scenario,estimate,std.err,ci.low,ci.hi
1,9.76436022848282,0.367735087597776,9.05266370161787,10.4903166614442
2,10.3698798698279,0.281604709572224,9.81241017931979,10.9154738029392
3,11.7723104174058,0.26575757254946,11.252156227506,12.2842369993904
