scenario,fit,ci.low,ci.hi,se.fit
Q1,-37.18596,-37.18596,-37.18596,0
Q2,-35.27488,-35.27488,-35.27488,0
Q3,-33.53933,-33.53933,-33.53933,0