"SurveyID","fit","ci.low","ci.hi","se.fit"
"Q1",-0.551274630360133,-3.41572692703502,2.45575087249666,1.47712555367358
"Q2",-0.109241032207267,-2.77655485995655,2.6498806754833,1.42796414390845
"Q3",0.0688628542469867,-2.83201509831617,3.15572955745692,1.54243404103174
