scenario,estimate,std.err,ci.low,ci.hi
1,9.658825762108982,0.3338240792936203,9.020430313537627,10.307257168152315
2,NA,NA,NA,NA
3,11.766164155351262,0.24154738636116208,11.307300913774823,12.244200313348426
