scenario,estimate,ci.low,ci.hi,std.err
1,16.107805907887126,16.0014309045047,16.854108391943846,0.3303596652382334
2,16.964275368044873,16.671317299246464,17.559996136015357,0.3193446168670061
3,17.46172914444585,16.721792640688925,17.56075000493431,0.3168979353831555
