"","estimate","ci.low","ci.hi","std.err","scenario"
"1",16.5142486440139,16.0008586977246,17.0671755268633,0.275598683633253,1
"2",16.8373080734922,16.1242136307149,17.3981998389018,0.334095030882448,2
"3",16.9494531955804,16.2945019857213,17.5640810462699,0.327957222505888,3
