fit,lwr,upr,std.err
-2.333143287936733,-37.2456914039721,0.155321184456534,13.129214695620579
-1.076487320818401,-2.878481652689619,0.6072917728461376,1.4065232742722134
-0.5987528658739315,-2.4823441524656475,1.265915253073449,0.9369510434783158
