scenario;estimate;std.err;ci.low;ci.hi
1;16.79896884;0.020064227;15.50562529;18.02136072
2;16.56816273;0.019210271;15.36224939;17.76133204
3;17.13012467;0.019817486;15.9538506;18.41613996
