estimate,ci.low,ci.hi,std.err,scenario
16.15864029077721,15.861852389650636,16.505843408745545,0.21822266691027695,1
16.995950951548426,16.619097585399647,17.31617913930816,0.25391668471968304,2
16.983353350699375,16.653362861266228,17.546244600728475,0.3300447301937373,3
