fit,ci.low,ci.hi,std.err,scenario
-5.563877194564451,-8.45164557771568,-2.6721554765695226,1.4777368158177573,Q1
-3.5298504191165465,-6.988392697641614,0.18316413201284631,1.770345719952217,Q2
-1.4701851168359854,-5.049427584597129,1.8808101171555784,1.7635896828852835,Q3
