"","SurveyID","fit","fit.se"
"1","Q1",0.451041546251016,0.2035881
"2","Q2",0.768219105738311,0.2097311
"3","Q3",0.881130211057413,0.264632
