estimate,ci.low,ci.hi,std.err,scenario
9.509805553136768,7.373764091717992,10.863473076091635,6.144796390529671,1
10.625167067099426,8.973342619670747,11.840324212046754,6.221358778116012,2
11.007481837702262,9.557505555901837,12.15330049149688,6.262800800365378,3
