"estimate","Est.Error","ci.low","ci.hi","scenario"
8.35009245673501,0.971599266573405,6.46431141428522,10.2531786539239,1
11.2219765308452,0.954909110604862,9.34395881514398,13.0942057420529,2
11.7812626771789,0.96001273372831,9.89581971034919,13.6765291754852,3
