"scenario","fit","lwr","upr","std.err"
1,9.07759959720287,7.2886904889813,10.8903050558465,0.916776595628836
2,10.3324661629891,8.4814217669418,12.1606125271173,0.940852664314969
3,11.1387878802734,9.26375637819421,12.9005454843768,0.930072362941451
