estimate,ci.low,ci.hi,std.err,scenario
8.984506403843362,7.635819008015913,10.375404034642413,0.7193298315553834,1
11.132285637154862,10.95096402679898,11.333864205286334,0.09670301756714872,3
