scenario,estimate,ci.low,ci.hi,std.err
1,16.54864019,15.97400209,17.14332028,0.300404603
2,16.92778593,16.25381245,17.52400244,0.323076826
3,16.78723084,16.13627529,17.42679435,0.327853748
