"SurveyID","fit","ci.low","ci.hi","std.err"
"Q1",-2.74088915152752,-7.28428323749568,1.82655902295424,2.35245929342078
"Q2",-0.630425543766921,-3.89388100808825,4.1536987978446,2.12658781662435
"Q3",-1.09570707173185,-4.46609314631785,3.75182805365834,2.18247513542904
