surveyID,fit,ci.low,ci.hi,std.err
Q1,-0.500451417,-3.241597362,2.595730047,1.494345238
Q2,-0.198014217,-2.67763595,2.97779792,1.466417913
Q3,-0.206976641,-2.859237955,2.934370452,1.545201711