fit,ci.low,ci.hi,std.err,scenario
-4.634868048374129,-7.524953554112641,-2.847344269519346,1.1886962546614614,Q1
-2.965932153766745,-5.035833967506951,-1.6778056531495409,0.8679645764190397,Q2
-0.06268198754131575,-2.324084094615277,1.6519488091973287,1.0504799825006157,Q3
