fit,ci.low,ci.hi,std.err,scenario
-0.4814038252157844,-2.592437348829681,1.8602802771655202,1.0888454232771485,Q1
-0.07521057611544785,-1.878613991772079,2.163814137845768,1.0411319166583728,Q2
0.3205806451256823,-1.7169972007638208,2.5893665823786676,1.1127540861212926,Q3
