scenario;estimate;se.fit;ci.low;ci.hi
1;16.73185;0.4181371;15.58379;17.18741
2;16.71532;0.43361;16.13709;17.77321
3;17.68592;0.4395388;16.15996;17.8839
