estimate,ci.low,ci.hi,std.err,scenario
16.028994538376445,15.320025695647546,16.710060596759597,0.34850593043576655,1
17.067421219164732,16.39606206211599,17.77173448454167,0.36863582633847913,2
17.38154805277409,16.674399236542577,18.045157917968673,0.35610353609851403,3
