estimate,ci.low,ci.hi,std.err,scenario
2.00057977583337,-1.1084039015027367,3.7888052116246476,1.188091884001963,1
2.0796451088317793,-1.0675603106688951,4.290945159236872,1.5232430961644894,2
2.141387398740583,-1.0916691809671275,4.267305429812951,1.2661000771748934,3
