,SurveyID,fit,se.fit,ci.high,ci.low
1,Q1,0.45058006,0.054680933,1.750570836,1.406660131
2,Q2,0.844681698,0.045905129,2.551016624,2.123087589
3,Q3,0.921201467,0.057406291,2.817962339,2.23980517
