"fit","ci.low","ci.hi","std.err","scenario"
-0.631271683564995,-3.37526485899352,3.27220715988641,1.68589732472112,"Q1"
-0.411016472428818,-2.73033138364051,3.26420413202227,1.56956697061815,"Q2"
-0.10663605370927,-2.9179031466709,3.61606752319542,1.73692001363079,"Q3"
