"scenario","estimate","lwr","upr","std.err"
1,9.38048552661158,7.8955925149649,10.8756587397609,0.77823157254608
2,10.3499824237732,8.99948289868303,12.0858765632523,0.787820700449356
3,12.1184921720146,9.43836525081248,12.5410968405949,0.790074639627139
