scenario,estimate,ci.low,ci.hi,std.err
1,9.030496586272754,7.7383690511697525,10.373195535827813,0.7029808338350156
2,11.249941937972064,9.74888921159106,12.776896121230163,0.759683467353696
3,11.242308367536307,9.904323987176385,12.595491008064599,0.6922749319632066
