fit,ci.low,ci.hi,std.err,scenario
-2.630313021559844,-4.484852924928124,-0.31174804266467643,1.0463243511461393,Q1
-1.2818056509868796,-3.307255652369325,0.9157418454503724,1.0425888032572033,Q2
-0.45858217319405314,-2.546957609332649,1.857699105057973,1.1162037111522092,Q3
