estimate,ci.low,ci.hi,std.err,scenario
-0.4841780136860049,-1.4535491847974231,0.552116287775356,0.5058561651262441,1
0.15361801760900026,-0.9948635767282714,1.3290791565726394,0.56756544496883,2
0.520403810185737,-0.6004274449852782,1.606535023813606,0.5579075037093952,3
