estimate,ci.low,ci.hi,std.err,scenario
9.596796549403946,8.678378600794108,10.695391962657078,1.0548169023671783,1
10.33603191922099,9.245558756440472,11.416588202889935,1.0570383882132433,2
10.775942127508431,9.579603520392903,12.212543252860206,1.0624142678716044,3
