SurveyID,fit,se.fit,ci.low,ci.high
Q1,-0.9713252553301632,0.560344646029178,-2.069600761547352,-2.069600761547352
Q2,-1.2081771725454509,0.7633989705987629,-2.7044391549190263,-2.7044391549190263
Q3,-0.8434252200339079,0.7599301045696797,-2.33288822499048,-2.33288822499048
