"","SurveyID","fit","ci.low","ci.hi","se.fit"
"1","Q1",-3.0433074929281,-5.65728074932612,-0.42933423653008,1.33365982469287
"2","Q2",0.106709849156115,-1.00675335006671,1.22017304837894,0.568093468991239
"3","Q3",1.92784507580611,1.0894556866395,2.76623446497273,0.427749688350314
