scenario,estimate,std.err,ci.low,ci.hi
1.00,-0.763787866,0.525114478,-1.792993331,0.265417599
2.00,-0.129007788,0.360027406,-0.834648538,0.576632961
3.00,0.09281259,0.441053014,-0.771635432,0.957260612