scenario,estimate,std.err,ci.low,ci.hi
1,16.65257147,0.330938759,16.02139125,17.35283458
2,16.84769786,0.373620939,16.10744246,17.56100005
3,16.70575134,0.358154633,15.98541128,17.38533104
