SurveyID,fit,se.fit,ci.low,ci.hi
Q1,-3.312935566403241,1.3676842605356836,-6.084288334729461,-0.47203991019857267
Q2,-1.9118168339110126,1.2165982397952089,-4.226504414646498,0.8439447684827817
Q3,-1.4485575421847234,1.3924429252702581,-4.213056833720711,1.4497276916036015
