scenario,estimate,ci.low,ci.hi,std.err
1,8.625334167,8.251941195,9.006906734,0.187667746
2,11.13274446,10.82294981,11.41356698,0.151603758
3,10.97408995,10.70831284,11.23631725,0.142519409
