"scenario","fit","se.fit","ci.low","ci.hi"
"Q1",0.739401381769033,1.09980178395443,0.0149476095121468,3.50432683854645
"Q2",2.22721360588044,3.04460104427828,0.0529221172051522,10.1781025469402
"Q3",4.21925742359025,4.65827264257153,0.135006714307648,16.4608192196064
