"scenario","estimate","std.err","ci.low","ci.hi","response"
1,16.6565300511878,0.130944994709691,16.4020937979367,16.9153887451102,"day_14_tarsus_length"
2,16.6305439558683,0.12891720665434,16.3810727452546,16.8864189093147,"day_14_tarsus_length"
3,16.6097540346065,0.128436854160288,16.3576669563263,16.8611301732099,"day_14_tarsus_length"
1,9.80796018338008,0.0846812289281526,9.64249583629135,9.97444015402289,"day_14_weight"
2,9.75620649023011,0.0690083583678303,9.62118115294652,9.89168894701288,"day_14_weight"
3,9.7174401325321,0.0642276315489969,9.59221199512831,9.84397968442499,"day_14_weight"
