estimate,ci.low,ci.hi,std.err,scenario
16.526154051708076,15.968340700138471,17.138270500830888,0.29251898761503936,1
16.73960652112709,16.11232535796414,17.344855815092718,0.3154368113907189,2
16.910326005433525,16.224712229645895,17.469713634417683,0.3218700496472773,3
