SurveyID,fit,se.fit,ci.low,ci.hi
Q1,1.77673438,0.864723732,0.262761167,10.61026751
Q2,5.296809252,0.855189539,0.112474622,16.64592066
Q3,14.86461825,1.001254056,3.496045927,33.17824306