scenario,estimate,std.err,ci.low,ci.hi
1,8.748551651813111,0.7753244049885342,7.005724566787561,10.044940387012508
2,10.974977667855976,0.7592818758848008,9.659024874116524,12.635355135812965
3,12.148889172475803,0.7132354777118918,9.93293687103096,12.728768568654015
