SurveyID;fit;se.fit;ci.low;ci.hi
Q1;-18.275976;27.154385;-38.896507;33.573999
Q2;-7.099445;25.651271;-34.073749;32.504666
Q3;21.63012;23.970466;-26.259641;33.730149
