Scenario,fit,ci.low,ci.hi,se.fit
Q1,0.02465617,0.001026162,0.4435282,0.2270076
Q2,0.75527586,0.37080837,1.4394856,0.2717224
Q3,5.53086265,1.4361369,16.272736,3.7360935
