fit,ci.low,ci.hi,std.err,scenario
-0.31868642549168424,-3.399423194247322,3.0681866873045136,1.743284635772968,Q1
0.9527745029605834,-1.8275531429251075,4.489391541209653,1.7098979030230852,Q2
1.2838208017702084,-1.60808071742936,5.000291727079318,1.793264463688107,Q3
