scenario,estimate,std.err,ci.low,ci.hi
1,15.203550526186836,2.8791647123967166,9.366381335441163,20.759366239972813
2,17.481559563422724,1.2521653156673935,15.028640297638422,20.076161352781153
3,18.033045833760518,2.2412825971374573,13.601249631381405,22.447683333982653
