estimate,ci.low,ci.hi,std.err,scenario
9.695189575644072,8.165758130105573,11.242765648831508,0.7586288763947547,1
10.685041924596568,9.26027442272413,12.237541928384367,0.7581598655664468,2
10.771597929597093,9.316212715446493,12.202107162971943,0.7375974109886422,3
