scenario,fit,se.fit,ci.low,ci.hi
Q1,6.174602124,6.25632076,-6.930044801,17.46577888
Q2,1.772251909,2.406617905,-3.299363519,6.175589349
Q3,-0.062549626,1.506687403,-2.820679949,2.765320946
