fit,ci.low,ci.hi,std.err,scenario
-2.2521740613098324,-3.8091307446241616,-0.945568405789141,0.6804521477128487,Q1
0.36522077204297787,-0.9918216691661761,1.665364156008884,0.6467762410944693,Q2
1.4723830820068946,-0.05118990017294441,2.987895049206449,0.7772075117430207,Q3
