fit,ci.low,ci.hi,std.err,scenario
-0.16432530412457713,-2.156038182716587,2.1009782063911593,1.0735512401901568,Q1
-0.020081136317993957,-1.7173763086128448,2.296586315759059,1.0600925937005077,Q2
-0.11664498396253015,-2.113313220188998,2.431932541012583,1.1437784258614343,Q3
