scenario	estimate	std.err	ci.low	ci.hig
1	16.13468	0.5857024	14.9006	17.20313
2	16.79243	0.5649271	15.61733	17.82234
3	16.78661	0.5798718	15.54028	17.83228
