SurveyID;fit;se.fit;ci.low;ci.hi
Q1;-16.965655;30.481669;-62.876206;22.637029
Q2;-7.504453;29.468146;-38.149335;43.390971
Q3;-8.138229;28.804102;-56.11182;22.82548
