estimate,ci.low,ci.hi,std.err,scenario
1.4768499225278542,0.6297301701449638,2.370290081774056,0.43294123618786384,1
1.1480723667357453,0.3332831813635892,1.9829690588297482,0.42351972424947604,2
0.6867924362450104,-0.20630143655324756,1.5458296127573676,0.43989216153998023,3
