estimate,ci.low,ci.hi,std.err,scenario
9.464092484618725,7.66013735510845,11.08159407516471,0.8592375294667721,1
9.649165511527304,8.000759951544222,11.369094871272347,0.8580875217977844,2
10.645801869789047,9.04587414533934,12.461027941630922,0.9041692861158516,3
