scenario,estimate,std.err,ci.low,ci.hi
1,8.813745877040587,0.7770878966969627,7.290749437209291,10.34743623397758
2,10.626674555541042,0.738638137124479,9.168431342548688,12.061069595103508
3,12.143460116854005,0.7358339840347398,10.672862106229392,13.607541103619862
