"","scenario","estimate","std.err","ci.low","ci.high"
"1",1,6.68365952287436,37.4850489013741,-19.7834383725758,38.9734286433365
"2",2,8.1345687847177,37.490273099764,-17.8908767756451,40.8632196983953
"3",3,9.13561716998241,37.4791305810485,-16.5057086894694,39.6348189685015
