fit,ci.low,ci.hi,std.err,scenario
0.47344627403748507,-1.6125044383209215,3.1474926311154663,3.0770123493199915,Q1
0.0554180700272386,-1.9173123358747506,2.502542826453181,1.0816171515061626,Q2
0.09108102610855989,-2.0617784006727837,2.680221359498751,1.1514385486004104,Q3
