"scenario","estimate","std.error","ci.low","ci.hi"
1,9.89740751248256,0.252414779366438,9.39191043423723,10.4111449442218
2,10.3596730459435,0.695246314510502,9.00237130973035,11.6969565624696
3,10.6502975685186,0.730539810652019,9.17209295984442,12.0458775308951
