scenario,estimate,std.err,ci.low,ci.hi
1,9.137186869,0.754125845,7.686334612,10.62731302
2,NA,NA,NA,NA
3,11.15431804,0.839725939,9.583166173,12.87858751
