SurveyID,fit,se.fit,ci.low,ci.hi
Q1,-5.27922662,3.631102,-12.086565,2.147093
Q2,-3.60871889,3.65238,-10.434436,3.882629
Q3,0.02853012,3.531964,-7.753464,6.09158