estimate,ci.low,ci.hi,std.err,scenario
9.14107444098427,8.405374002079036,9.900641964180947,0.37855278226654887,1
10.89954316574481,9.956503173448137,11.863871523076961,0.48253698835503184,2
10.965778986780895,10.05488629292725,11.83870066431539,0.47702782260062987,3
