estimate,ci.low,ci.hi,std.err,scenario
16.541448165370134,16.0888678210898,17.03710372693198,0.24071707405524614,1
16.812945669768837,16.221050979862394,17.339670856367462,0.28630216271086634,2
16.944356341384427,16.358887425223596,17.492374683729377,0.2888998913106474,3
