estimate,ci.low,ci.hi,std.err,scenario
15.464368182901204,14.54403254003946,16.387240119333033,0.4592526066370366,1
17.265312275787092,16.433411518148134,18.150041731206166,0.4431862795540193,3
