fit,ci.low,ci.hi,std.err,scenario
NA,NA,NA,NA,Q1
-0.7498301129023759,-4.070205759776232,1.930918934820663,1.5358640491076327,Q2
0.7817424461292112,-0.8671039905768235,2.155899163109399,0.7712746348723886,Q3
