estimate,ci.low,ci.hi,std.err,scenario
6.73525013457182,3.441075872753385,9.997722401481544,1.7265333211574265,1
14.187788056605902,10.558631134227902,18.16798796486276,1.9110986059363657,2
14.944309594283126,11.053005750245319,18.99702483741028,2.004265343832895,3
