"fit","ci.low","ci.hi","std.err","scenario"
0.927450114128365,-0.524967615835136,2.00493275588039,0.697652369833238,"Q1"
0.925298222817961,-0.435430749487778,1.91970608131405,0.628032329291269,"Q2"
2.62871129538249,0.926304546573255,3.95080818715272,0.825471248874846,"Q3"
