fit,ci.low,ci.hi,std.err,scenario
-5.151054959742673,-7.536859956516794,-2.488685625444908,1.3919920920410016,Q1
-5.068297812833459,-7.310847693315656,-2.741446404431887,1.275591984950848,Q2
-5.26573079206654,-7.675045215753475,-2.7283239375592676,1.360072107536289,Q3
