"fit","lwr","upr"
1.9368086932026,-8.01378181196794,19.3008931733157
2.13532020671592,0.856076052780426,408.978280000752
2.67430549537442,0.0327149726025494,19.9960632980832
