estimate,ci.low,ci.hi,std.err,scenario
9.724800625080949,8.26989627697637,11.19854435395201,0.7579432092672432,1
10.624695873266507,9.04627683541341,12.254001548162087,0.8203929324234592,2
10.806153397073727,9.19281358007458,12.4458835122798,0.845051409200758,3
