"","estimate","ci.low","ci.hi","std.err","scenario"
"1",9.5633640598586,8.13765710330292,11.0776276876911,0.750138190551005,1
"2",10.6481679941818,8.97026705131871,12.2421070884236,0.81421442714543,2
"3",10.9541254202313,9.37963638689189,12.5166651774128,0.799184557444049,3
