scenario,estimate,std.err,ci.low,ci.hi
1.00,0.467923418,0.243574431,-0.009473693,0.94532053
2.00,0.859880279,0.20334519,0.461331031,1.258429528
3.00,0.936005649,0.251387877,0.443294465,1.428716833