SurveyID,fit,ci.low,ci.high
Q1,0.9682489451476791,0.6538394712900631,1.282658419005295
Q2,0.381540084388186,0.2811534539656055,0.4819267148107665
Q3,1.17710970464135,0.7154107287496774,1.6388086805330224
