SurveyID;fit;se.fit;ci.low;ci.hi
Q1;-17.996167;26.567147;-37.868363;32.300218
Q2;-8.433617;25.702903;-35.365672;31.41514
Q3;24.266443;24.266443;-26.967352;24.182635
