"scenario","estimate","ci.low","ci.hi","std.error"
"1.body.index",-0.407777977299311,-0.65685448060732,-0.181107210637596,0.120568034577846
"2.body.index",0.195836708463797,-0.954626476624783,1.47212556976941,0.623862505167811
"3.body.index",0.220224260023852,-1.06756181810345,1.52609573864203,0.670058314362393
