"","estimate","ci.low","ci.hi","std.err","scenario"
"1",16.95934251945,16.2097022584513,17.7288708612967,0.392739183792027,1
"2",17.0164151952613,16.1451388645918,17.8139391060727,0.425290324176612,2
"3",17.0099168401696,16.1693295121747,17.805354656604,0.418395624728003,3
