fit,ci.low,ci.hi,std.err,scenario
0.3852179036427664,-2.5264327826186657,4.250373534761066,1.710845575002648,Q1
0.3222978155416393,-2.372188806246548,3.667535223625136,1.6032027310644907,Q2
0.389164797235599,-2.7041444093222244,3.962019897344729,1.7218084985095172,Q3
