estimate,ci.low,ci.hi,std.err,scenario
10.81107086225013,9.74628238601602,11.87119128349558,0.5472267589902302,1
11.111355739730545,10.029219445205328,12.135026569761623,0.5258601090912743,2
8.603354609578474,7.738093826919813,9.523730379646194,0.46097398646964116,3
