fit,ci.low,ci.hi,std.err,scenario
-0.9137866174566953,-3.6356943933412578,2.622099822994678,1.5831958199317748,Q1
-1.041156378065724,-3.344309065598529,2.1027473128599574,1.4818141507064218,Q2
-0.8395543014697119,-3.7180790587596033,2.156277608687948,1.5402167106672935,Q3
