estimate,ci.low,ci.hi,std.err,scenario
0.5307322469275761,0.487196510411267,0.5759617044233765,0.021806055813361383,1
0.6547681240852619,0.6096417492884322,0.7004093738524371,0.023510606622220244,2
0.6603628788314668,0.6430582429370532,0.6779797199214344,0.009103145919821911,3
