scenario,estimate,std.err,ci.low,ci.hi
1.00,-3.889816145,1.064189734,-5.975589697,-1.804042593
2.00,-1.86903074,0.353704684,-2.562279182,-1.175782298
3.00,-1.149657295,0.413867958,-1.960823586,-0.338491004