fit,lwr,upr,std.err
-1.8853922161731225,-20.898956156486033,0.6775598984464956,7.616215958335174
-0.07414218006900447,-1.934531162762701,2.2417838583426044,1.048970598467155
-0.40681845089002006,-2.6355142200505055,1.9134241103619167,1.193353225471936
