SurveyID,fit,se.fit,ci.low,ci.high
Q1,-1.135160681688193,0.6945912609780557,-2.496559553205182,-2.496559553205182
Q2,-0.9468648520812243,0.9680749860665802,-2.8442918247717213,-2.8442918247717213
Q3,-1.2112111038098534,1.1693692951302062,-3.5031749222650577,-3.5031749222650577
