scenario,estimate,std.err,ci.low,ci.hi
1,-21.455080437091574,7.029333811612841,-35.821405540733785,-7.823935482595887
2,20.19506301502424,2.1871912396626927,15.850840039932134,24.393012524059852
3,25.367558629115447,3.3263851656040497,19.02508284312059,31.89380859992793
