SurveyID;fit;se.fit;ci.low;ci.hi
Q1;-15.830693;29.399698;-61.972935;19.298806
Q2;-8.831002;27.770104;-34.518185;40.365918
Q3;-6.757109;29.207393;-49.647325;26.500126
