estimate,ci.low,ci.hi,std.err,scenario,scale,table
0.035856544,0.032444056,0.039859724,0.001898711,1,original,Ba_BMI
0.035609004,0.031589653,0.039749394,0.002062242,2,original,Ba_BMI
0.036318016,0.032309615,0.040311346,0.002060101,3,original,Ba_BMI
-0.185840154,-1.25172754,0.854201715,0.523423485,1,dependent and predictor scaled,BE_BMI
-0.261848194,-1.393587514,0.840710158,0.563132592,2,dependent and predictor scaled,BE_BMI
-0.079512752,-1.314983319,1.073593575,0.615389522,3,dependent and predictor scaled,BE_BMI