"scenario","estimate","std.error","ci.low","ci.hi"
"1.bodymass",9.45217522040926,9.11346405920834,9.77625537114704,0.169198547864857
"2.bodymass",10.6500749373252,9.13882987964259,12.1221125699603,0.785792034350619
"3.bodymass",11.1415679573371,9.4334241366576,12.7224219173294,0.832570130575486
