scenario,estimate,ci.low,ci.hi,std.err
1,1.45413471,1.163075102,1.745194318,0.1484998
2,-0.02039483,-0.320791094,0.280001434,0.1532634
3,-0.83940098,-1.2584333,-0.42036866,0.213792